{
  "version": 1,
  "width": 78,
  "height": 25,
  "duration": 140.275038,
  "command": null,
  "title": null,
  "env": {
    "TERM": "xterm-256color",
    "SHELL": "/bin/zsh"
  },
  "stdout": [
    [
      0.156764,
      "\b\u001b[1m\u001b[30m \u001b[1m\u001b[30mr\u001b[0m\u001b[39m"
    ],
    [
      0.195688,
      "\b\u001b[1m\u001b[30mr\u001b[1m\u001b[30me\u001b[0m\u001b[39m"
    ],
    [
      0.40621,
      "\b\u001b[1m\u001b[30me\u001b[1m\u001b[30ms\u001b[0m\u001b[39m"
    ],
    [
      0.263813,
      "\b\u001b[1m\u001b[30ms\u001b[1m\u001b[30mt\u001b[0m\u001b[39m"
    ],
    [
      0.087475,
      "\b\u001b[1m\u001b[30mt\u001b[1m\u001b[30ma\u001b[0m\u001b[39m"
    ],
    [
      0.090176,
      "\b\u001b[1m\u001b[30ma\u001b[1m\u001b[30mr\u001b[0m\u001b[39m"
    ],
    [
      0.12059,
      "\b\u001b[1m\u001b[30mr\u001b[1m\u001b[30mt\u001b[0m\u001b[39m"
    ],
    [
      0.232423,
      "\b\u001b[1m\u001b[30mt\u001b[1m\u001b[30m)\u001b[0m\u001b[39m"
    ],
    [
      1.383975,
      "\u001b[?1l\u001b>"
    ],
    [
      0.000692,
      "\u001b[?2004l\r\r\n"
    ]
  ]
}
