{
  "version": 1,
  "width": 78,
  "height": 26,
  "duration": 5.340007,
  "command": null,
  "title": null,
  "env": {
    "TERM": "xterm-256color",
    "SHELL": "/bin/zsh"
  },
  "stdout": [
    [
      9.5e-05,
      "\r\u001b[0m\u001b[27m\u001b[24m\u001b[J$ "
    ],
    [
      1.8e-05,
      "\u001b[K"
    ],
    [
      0.000115,
      "\u001b[?1h\u001b="
    ],
    [
      0.000246,
      "\u001b[?2004h"
    ],
    [
      0.734707,
      "\u001b[1m\u001b[30m#\u001b[0m\u001b[39m"
    ],
    [
      0.247085,
      "\b\u001b[1m\u001b[30m#\u001b[1m\u001b[30m \u001b[0m\u001b[39m"
    ],
    [
      0.182467,
      "\b\b\u001b[1m\u001b[30m#\u001b[1m\u001b[30m \u001b[1m\u001b[30mY\u001b[0m\u001b[39m"
    ],
    [
      0.123582,
      "\b\u001b[1m\u001b[30mY\u001b[1m\u001b[30mo\u001b[0m\u001b[39m"
    ],
    [
      0.16343,
      "\b\u001b[1m\u001b[30mo\u001b[1m\u001b[30mu\u001b[0m\u001b[39m"
    ],
    [
      0.183388,
      "\b\u001b[1m\u001b[30mu\u001b[1m\u001b[30m \u001b[0m\u001b[39m"
    ],
    [
      0.083055,
      "\b\u001b[1m\u001b[30m \u001b[1m\u001b[30mc\u001b[0m\u001b[39m"
    ],
    [
      0.187526,
      "\b\u001b[1m\u001b[30mc\u001b[1m\u001b[30ma\u001b[0m\u001b[39m"
    ],
    [
      0.130988,
      "\b\u001b[1m\u001b[30ma\u001b[1m\u001b[30mn\u001b[0m\u001b[39m"
    ],
    [
      0.142246,
      "\b\u001b[1m\u001b[30mn\u001b[1m\u001b[30m \u001b[0m\u001b[39m"
    ],
    [
      0.145489,
      "\b\u001b[1m\u001b[30m \u001b[1m\u001b[30ms\u001b[0m\u001b[39m"
    ],
    [
      0.132155,
      "\b\u001b[1m\u001b[30ms\u001b[1m\u001b[30mh\u001b[0m\u001b[39m"
    ],
    [
      0.192915,
      "\b\u001b[1m\u001b[30mh\u001b[1m\u001b[30mo\u001b[0m\u001b[39m"
    ],
    [
      0.142644,
      "\b\u001b[1m\u001b[30mo\u001b[1m\u001b[30mw\u001b[0m\u001b[39m"
    ],
    [
      0.149707,
      "\b\u001b[1m\u001b[30mw\u001b[1m\u001b[30m \u001b[0m\u001b[39m"
    ],
    [
      0.134515,
      "\b\u001b[1m\u001b[30m \u001b[1m\u001b[30ms\u001b[0m\u001b[39m"
    ],
    [
      0.085942,
      "\b\u001b[1m\u001b[30ms\u001b[1m\u001b[30mo\u001b[0m\u001b[39m"
    ],
    [
      0.160772,
      "\b\u001b[1m\u001b[30mo\u001b[1m\u001b[30mm\u001b[0m\u001b[39m"
    ],
    [
      0.132016,
      "\b\u001b[1m\u001b[30mm\u001b[1m\u001b[30me\u001b[0m\u001b[39m"
    ],
    [
      0.219601,
      "\b\u001b[1m\u001b[30me\u001b[1m\u001b[30m informaion about an archive. You can even do it without \u001b[1m\u001b[30mn\u001b[1m\u001b[30meeding to specify the archive name:\u001b[0m\u001b[39m\u001b[K"
    ],
    [
      0.644657,
      "\u001b[?1l\u001b>"
    ],
    [
      0.000392,
      "\u001b[?2004l\r\r\n"
    ],
    [
      0.000827,
      "\u001b[1m\u001b[7m%\u001b[27m\u001b[1m\u001b[0m                                                                             \r \r"
    ],
    [
      0.000958,
      "\u001b]7;file://FedRocks/home/rugk/Software/contributions/borg/docs/misc/asciinema\u0007"
    ],
    [
      0.000737,
      "\u001b]7;file://FedRocks/home/rugk/Software/contributions/borg/docs/misc/asciinema\u0007"
    ],
    [
      0.000171,
      "\u001b]2;rugk@FedRocks: ~/Software/contributions/borg/docs/misc/asciinema\u0007\u001b]1;..isc/asciinema\u0007"
    ],
    [
      9e-05,
      "\r\u001b[0m\u001b[27m\u001b[24m\u001b[J$ \u001b[K"
    ],
    [
      2e-05,
      "\u001b[?1h\u001b="
    ],
    [
      0.000257,
      "\u001b[?2004h"
    ],
    [
      0.807163,
      "\u001b[?2004l\r\r\n"
    ]
  ]
}
